Date,Price,Open,High,Low,Vol.,Change %,,,,Date,Price,Change %,Event Time,,Helper
3/31/2020,560.33,569.25,572.46,558.84,215.88M,-1.96%,,,,4/23/2019,584.46,-0.11%,-190,,238
3/30/2020,571.52,558.49,573.13,557.91,190.06M,3.90%,,,,4/24/2019,584.96,0.09%,-189,,237
3/27/2020,550.05,544.16,565.46,543.17,202.93M,-0.72%,,,,4/25/2019,580.6,-0.75%,-188,,236
3/26/2020,554.03,530.4,556.87,529.36,259.62M,5.67%,,,,4/26/2019,585.93,0.92%,-187,,235
3/25/2020,524.29,521.1,541.36,514.63,280.12M,-0.17%,,,,4/29/2019,586.44,0.09%,-186,,234
3/24/2020,525.19,520.5,528.42,512.39,277.18M,4.84%,,,,4/30/2019,593.64,1.23%,-185,,233
3/23/2020,500.95,510.94,520.92,491.31,288.55M,-2.97%,,,,5/1/2019,586.68,-1.17%,-184,,232
3/20/2020,516.28,551.22,553.2,511.81,330.69M,-6.53%,,,,5/2/2019,586.12,-0.10%,-183,,231
3/19/2020,552.37,568.09,569.04,548.04,284.60M,-2.91%,,,,5/3/2019,590.44,0.74%,-182,,230
3/18/2020,568.91,565.79,584.55,546.45,352.79M,-3.07%,,,,5/6/2019,589.48,-0.16%,-181,,229
3/17/2020,586.9,555.45,589.15,551.67,324.78M,8.39%,,,,5/7/2019,583.58,-1.00%,-180,,228
3/16/2020,541.45,531.74,570.75,522.98,281.58M,-6.99%,,,,5/8/2019,582.69,-0.15%,-179,,227
3/13/2020,582.16,557.75,582.34,542.09,288.07M,8.41%,,,,5/9/2019,581.44,-0.21%,-178,,226
3/12/2020,537,562.18,573.76,534.82,289.95M,-9.24%,,,,5/10/2019,588.24,1.17%,-177,,225
3/11/2020,591.64,607.28,609.77,584.67,214.99M,-4.89%,,,,5/13/2019,583.37,-0.83%,-176,,224
3/10/2020,622.09,615.87,623.22,594.89,234.69M,2.93%,,,,5/14/2019,585.54,0.37%,-175,,223
3/9/2020,604.41,613.11,621.52,598.86,238.90M,-4.41%,,,,5/15/2019,590.2,0.80%,-174,,222
3/6/2020,632.29,619.06,635.57,615.88,195.56M,-0.77%,,,,5/16/2019,594.62,0.75%,-173,,221
3/5/2020,637.18,637.54,645.88,631.19,187.24M,-1.99%,,,,5/17/2019,593.5,-0.19%,-172,,220
3/4/2020,650.13,625.12,650.33,625.12,175.07M,4.92%,,,,5/20/2019,592.18,-0.22%,-171,,219
3/3/2020,619.62,628.06,639.19,614.83,209.35M,-1.31%,,,,5/21/2019,590.35,-0.31%,-170,,218
3/2/2020,627.84,598.39,628.13,597.93,228.16M,5.48%,,,,5/22/2019,593.6,0.55%,-169,,217
2/28/2020,595.21,597.02,597.02,575.44,308.21M,-2.08%,,,,5/23/2019,593.21,-0.07%,-168,,216
2/27/2020,607.86,628.25,633.56,607.71,206.28M,-4.07%,,,,5/24/2019,590.84,-0.40%,-167,,215
2/26/2020,633.63,638.63,644.65,633.37,162.46M,-0.49%,,,,5/28/2019,580.27,-1.79%,-166,,214
2/25/2020,636.73,648.32,652.12,634.58,152.20M,-1.75%,,,,5/29/2019,576.17,-0.71%,-165,,213
2/24/2020,648.06,655.65,659.77,647.7,149.22M,-2.48%,,,,5/30/2019,578.06,0.33%,-164,,212
2/21/2020,664.57,660.82,665.58,660.55,117.06M,0.28%,,,,5/31/2019,569.93,-1.41%,-163,,211
2/20/2020,662.73,660.75,663.33,656.76,96.45M,0.10%,,,,6/3/2019,577.48,1.32%,-162,,210
2/19/2020,662.06,663.07,664.8,662.04,100.55M,-0.08%,,,,6/4/2019,581.98,0.78%,-161,,209
2/18/2020,662.61,664.22,665.55,661.46,146.45M,-0.41%,,,,6/5/2019,588.49,1.12%,-160,,208
2/14/2020,665.35,663.91,665.35,663.01,114.20M,0.28%,,,,6/6/2019,593.26,0.81%,-159,,207
2/13/2020,663.48,660.09,664.91,657.16,127.26M,0.55%,,,,6/7/2019,599.31,1.02%,-158,,206
2/12/2020,659.83,660.42,660.8,658.12,108.81M,-0.04%,,,,6/10/2019,599.32,0.00%,-157,,205
2/11/2020,660.09,662.95,662.95,659.64,98.96M,-0.36%,,,,6/11/2019,601.76,0.41%,-156,,204
2/10/2020,662.48,659.88,663.78,659.88,96.91M,0.37%,,,,6/12/2019,602.01,0.04%,-155,,203
2/7/2020,660.01,658.42,661.08,657,108.01M,0.18%,,,,6/13/2019,602.65,0.11%,-154,,202
2/6/2020,658.84,657.26,662.35,656.24,126.97M,0.33%,,,,6/14/2019,602.85,0.03%,-153,,201
2/5/2020,656.67,653.6,657.39,653.12,136.50M,0.76%,,,,6/17/2019,601.58,-0.21%,-152,,200
2/4/2020,651.73,651.99,656.2,650.48,124.53M,0.55%,,,,6/18/2019,598.13,-0.57%,-151,,199
2/3/2020,648.19,650.63,652.98,647.48,123.88M,-0.01%,,,,6/19/2019,600.58,0.41%,-150,,198
1/31/2020,648.25,654.58,658.54,646.47,163.26M,-1.11%,,,,6/20/2019,605.44,0.81%,-149,,197
1/30/2020,655.54,648.82,656.24,647.95,135.68M,1.05%,,,,6/21/2019,603.48,-0.32%,-148,,196
1/29/2020,648.73,652.15,653,648.72,96.76M,-0.52%,,,,6/24/2019,605.09,0.27%,-147,,195
1/28/2020,652.12,651.19,653.76,650.98,108.90M,0.12%,,,,6/25/2019,604.77,-0.05%,-146,,194
1/27/2020,651.35,648,654.37,647.11,123.27M,-0.32%,,,,6/26/2019,596.4,-1.38%,-145,,193
1/24/2020,653.43,658.48,659.35,651.29,105.09M,-0.65%,,,,6/27/2019,596.93,0.09%,-144,,192
1/23/2020,657.7,657.29,659.75,654.02,108.84M,-0.26%,,,,6/28/2019,597.34,0.07%,-143,,191
1/22/2020,659.44,658.6,660.84,658.6,103.87M,0.10%,,,,7/1/2019,600.1,0.46%,-142,,190
1/21/2020,658.8,655.33,659.27,653.51,139.27M,0.34%,,,,7/2/2019,605.19,0.85%,-141,,189
1/17/2020,656.56,655.57,657.7,655.33,141.06M,0.26%,,,,7/3/2019,613.4,1.36%,-140,,188
1/16/2020,654.89,653.7,655.58,653.6,96.32M,0.31%,,,,7/5/2019,610.37,-0.49%,-139,,187
1/15/2020,652.87,648.08,654.69,648.08,111.14M,0.65%,,,,7/8/2019,611.41,0.17%,-138,,186
1/14/2020,648.68,647.69,649.04,647.08,132.92M,0.02%,,,,7/9/2019,607.84,-0.58%,-137,,185
1/13/2020,648.53,644.31,648.53,644.16,119.96M,0.68%,,,,7/10/2019,612.31,0.74%,-136,,184
1/10/2020,644.13,645.7,646.3,643.49,101.25M,-0.13%,,,,7/11/2019,613.83,0.25%,-135,,183
1/9/2020,644.96,642.6,645.12,641.14,121.10M,0.73%,,,,7/12/2019,615.88,0.33%,-134,,182
1/8/2020,640.26,637.7,642.97,637.3,128.19M,0.45%,,,,7/15/2019,617.13,0.20%,-133,,181
1/7/2020,637.39,640.65,640.92,637.09,117.47M,-0.73%,,,,7/16/2019,617.2,0.01%,-132,,180
1/6/2020,642.07,639.69,642.97,638.65,115.59M,0.24%,,,,7/17/2019,616.39,-0.13%,-131,,179
1/3/2020,640.55,638.23,643.69,637.83,106.58M,-0.17%,,,,7/18/2019,621.45,0.82%,-130,,178
1/2/2020,641.67,647.79,648.05,640.24,113.92M,-0.82%,,,,7/19/2019,617.25,-0.68%,-129,,177
12/31/2019,646.97,646.24,647.59,643.64,81.36M,0.06%,,,,7/22/2019,613.96,-0.53%,-128,,176
12/30/2019,646.58,648.81,649.83,645.65,67.07M,-0.52%,,,,7/23/2019,617.82,0.63%,-127,,175
12/27/2019,649.97,648.26,650.23,648.11,68.96M,0.40%,,,,7/24/2019,613.89,-0.64%,-126,,174
12/26/2019,647.39,646.91,648.48,645.63,72.15M,0.14%,,,,7/25/2019,613.65,-0.04%,-125,,173
12/24/2019,646.51,646.62,647.41,645.77,33.98M,-0.04%,,,,7/26/2019,620.94,1.19%,-124,,172
12/23/2019,646.79,649.61,649.96,646.26,97.71M,-0.34%,,,,7/29/2019,622.5,0.25%,-123,,171
12/20/2019,648.97,649.53,651.63,646.45,246.53M,0.65%,,,,7/30/2019,623.64,0.18%,-122,,170
12/19/2019,644.75,641.39,645.65,641.39,144.89M,0.64%,,,,7/31/2019,611.23,-1.99%,-121,,169
12/18/2019,640.66,643.78,645.22,640.05,132.56M,-0.37%,,,,8/1/2019,608.27,-0.48%,-120,,168
12/17/2019,643.01,642.95,644.01,641.87,118.88M,-0.07%,,,,8/2/2019,608.99,0.12%,-119,,167
12/16/2019,643.49,643.08,645.08,642.42,125.22M,0.36%,,,,8/5/2019,592.59,-2.69%,-118,,166
12/13/2019,641.18,637.5,642.22,636.59,112.44M,0.33%,,,,8/6/2019,598.32,0.97%,-117,,165
12/12/2019,639.1,639.8,643.8,638,106.54M,-0.08%,,,,8/7/2019,605.27,1.16%,-116,,164
12/11/2019,639.6,639.69,641.06,637.71,91.87M,0.15%,,,,8/8/2019,612.59,1.21%,-115,,163
12/10/2019,638.63,640.17,641.31,637.92,96.75M,-0.35%,,,,8/9/2019,609.05,-0.58%,-114,,162
12/9/2019,640.88,639.68,642.19,639.68,97.99M,0.15%,,,,8/12/2019,605.05,-0.66%,-113,,161
12/6/2019,639.92,640.07,642.33,638.93,95.42M,0.37%,,,,8/13/2019,612.34,1.20%,-112,,160
12/5/2019,637.57,637.66,637.88,633.77,118.42M,-0.19%,,,,8/14/2019,602.63,-1.59%,-111,,159
12/4/2019,638.77,634.07,638.8,633.55,118.12M,0.66%,,,,8/15/2019,611.74,1.51%,-110,,158
12/3/2019,634.57,634.34,634.77,630.25,125.42M,-0.18%,,,,8/16/2019,618.62,1.12%,-109,,157
12/2/2019,635.73,633.46,635.81,630.15,114.04M,0.26%,,,,8/19/2019,624.42,0.94%,-108,,156
11/29/2019,634.09,634.58,635.77,633.32,50.84M,-0.14%,,,,8/20/2019,616.85,-1.21%,-107,,155
11/27/2019,635,635.1,635.9,633.13,83.10M,0.12%,,,,8/21/2019,618.97,0.34%,-106,,154
11/26/2019,634.26,629.84,634.33,628.45,143.72M,0.82%,,,,8/22/2019,621.65,0.43%,-105,,153
11/25/2019,629.08,629.34,630.3,625.73,105.16M,0.18%,,,,8/23/2019,611.45,-1.64%,-104,,152
11/22/2019,627.97,630.08,630.32,625.8,91.79M,-0.14%,,,,8/26/2019,618.33,1.13%,-103,,151
11/21/2019,628.86,631.37,632.78,627.9,108.03M,-0.53%,,,,8/27/2019,616.53,-0.29%,-102,,150
11/20/2019,632.24,631.05,633.85,629.75,111.69M,0.18%,,,,8/28/2019,622.33,0.94%,-101,,149
11/19/2019,631.08,632.98,634.1,629.9,104.65M,-0.25%,,,,8/29/2019,622.31,0.00%,-100,,148
11/18/2019,632.65,628.62,635.76,628.62,124.61M,0.54%,,,,8/30/2019,621.27,-0.17%,-99,,147
11/15/2019,629.27,629.58,629.58,626.75,116.31M,0.09%,,,,9/3/2019,624.42,0.51%,-98,,146
11/14/2019,628.7,631.96,632.33,626.74,118.38M,-0.13%,,,,9/4/2019,630.18,0.92%,-97,,145
11/13/2019,629.53,625.3,630.52,624.75,106.06M,0.86%,,,,9/5/2019,625.55,-0.73%,-96,,144
11/12/2019,624.18,623.63,624.27,621.86,102.07M,0.23%,,,,9/6/2019,628.52,0.47%,-95,,143
11/11/2019,622.74,623.9,624.86,621.7,99.63M,-0.20%,,,,9/9/2019,626.83,-0.27%,-94,,142
11/8/2019,623.97,624,625.45,621.49,91.04M,0.02%,,,,9/10/2019,623.01,-0.61%,-93,,141
11/7/2019,623.85,627.32,627.36,623.05,122.41M,-0.38%,,,,9/11/2019,625.55,0.41%,-92,,140
11/6/2019,626.25,624.48,627.37,622.79,146.94M,0.52%,,,,9/12/2019,627.45,0.30%,-91,,139
11/5/2019,622.98,621.03,624.94,619.03,169.35M,0.25%,,,,9/13/2019,622.72,-0.75%,-90,,138
11/4/2019,621.43,627.85,628.56,619.7,135.93M,-0.94%,,,,9/16/2019,616.76,-0.96%,-89,,137
11/1/2019,627.3,628.39,629.88,626.27,115.48M,0.00%,,,,9/17/2019,620.14,0.55%,-88,,136
10/31/2019,627.29,628.11,630.72,623.48,161.22M,-0.21%,,,,9/18/2019,620.29,0.02%,-87,,135
10/30/2019,628.6,625.93,629.53,624.42,108.43M,0.47%,,,,9/19/2019,620.27,0.00%,-86,,134
10/29/2019,625.69,625.08,628.56,623.53,111.99M,-0.04%,,,,9/20/2019,618.9,-0.22%,-85,,133
10/28/2019,625.95,627.5,629.32,624.4,111.70M,-0.18%,,,,9/23/2019,621.15,0.36%,-84,,132
10/25/2019,627.09,629.31,629.64,626.29,91.91M,-0.53%,,,,9/24/2019,622.58,0.23%,-83,,131
10/24/2019,630.4,628.46,631.46,627.24,100.19M,0.28%,,,,9/25/2019,623.79,0.19%,-82,,130
10/23/2019,628.62,625.29,628.85,625.29,101.81M,0.47%,,,,9/26/2019,626.9,0.50%,-81,,129
10/22/2019,625.67,630.14,630.55,625.43,117.98M,0.03%,,,,9/27/2019,626.39,-0.08%,-80,,128
10/21/2019,625.49,623.09,625.74,622.65,113.36M,0.33%,,,,9/30/2019,629.38,0.48%,-79,,127
10/18/2019,623.45,623.96,625.91,622.96,125.51M,0.19%,,,,10/1/2019,627.61,-0.28%,-78,,126
10/17/2019,622.28,621.79,623.77,620.23,107.12M,0.39%,,,,10/2/2019,615.86,-1.87%,-77,,125
10/16/2019,619.84,619.36,620.33,617.48,104.54M,0.09%,,,,10/3/2019,620.29,0.72%,-76,,124
10/15/2019,619.31,622.54,623.52,617.98,105.22M,-0.40%,,,,10/4/2019,629.91,1.55%,-75,,123
10/14/2019,621.8,624.45,625.9,621.26,86.40M,-0.43%,,,,10/7/2019,624.92,-0.79%,-74,,122
10/11/2019,624.47,626.66,628.2,623.42,108.19M,-0.10%,,,,10/8/2019,619.12,-0.93%,-73,,121
10/10/2019,625.09,623.17,626.83,621.07,98.01M,0.21%,,,,10/9/2019,623.81,0.76%,-72,,120
10/9/2019,623.81,621.87,625.31,620.81,83.11M,0.76%,,,,10/10/2019,625.09,0.21%,-71,,119
10/8/2019,619.12,623.51,624.96,619.03,116.57M,-0.93%,,,,10/11/2019,624.47,-0.10%,-70,,118
10/7/2019,624.92,628.79,629.35,624.35,105.87M,-0.79%,,,,10/14/2019,621.8,-0.43%,-69,,117
10/4/2019,629.91,621.03,630.04,620.5,108.59M,1.55%,,,,10/15/2019,619.31,-0.40%,-68,,116
10/3/2019,620.29,618.03,622.32,613.23,127.96M,0.72%,,,,10/16/2019,619.84,0.09%,-67,,115
10/2/2019,615.86,625.51,625.63,613.35,134.40M,-1.87%,,,,10/17/2019,622.28,0.39%,-66,,114
10/1/2019,627.61,629.94,631.63,625.42,116.84M,-0.28%,,,,10/18/2019,623.45,0.19%,-65,,113
9/30/2019,629.38,627.17,632.14,627.17,100.73M,0.48%,,,,10/21/2019,625.49,0.33%,-64,,112
9/27/2019,626.39,628.32,628.72,622.63,93.76M,-0.08%,,,,10/22/2019,625.67,0.03%,-63,,111
9/26/2019,626.9,626.11,629.05,625.18,110.19M,0.50%,,,,10/23/2019,628.62,0.47%,-62,,110
9/25/2019,623.79,626.52,627.06,622.28,138.68M,0.19%,,,,10/24/2019,630.4,0.28%,-61,,109
9/24/2019,622.58,622.68,627.16,620.75,123.62M,0.23%,,,,10/25/2019,627.09,-0.53%,-60,,108
9/23/2019,621.15,619.12,623.49,619.12,105.31M,0.36%,,,,10/28/2019,625.95,-0.18%,-59,,107
9/20/2019,618.9,620.04,623.27,618.7,225.40M,-0.22%,,,,10/29/2019,625.69,-0.04%,-58,,106
9/19/2019,620.27,620.03,621.31,619.15,123.56M,0.00%,,,,10/30/2019,628.6,0.47%,-57,,105
9/18/2019,620.29,620.4,621.39,615.52,124.21M,0.02%,,,,10/31/2019,627.29,-0.21%,-56,,104
9/17/2019,620.14,616.9,623.19,616.9,150.40M,0.55%,,,,11/1/2019,627.3,0.00%,-55,,103
9/16/2019,616.76,619.84,620.21,615.25,121.05M,-0.96%,,,,11/4/2019,621.43,-0.94%,-54,,102
9/13/2019,622.72,625.34,627.14,621.47,141.71M,-0.75%,,,,11/5/2019,622.98,0.25%,-53,,101
9/12/2019,627.45,627.81,630.45,626.55,143.93M,0.30%,,,,11/6/2019,626.25,0.52%,-52,,100
9/11/2019,625.55,622,625.55,619.98,146.86M,0.41%,,,,11/7/2019,623.85,-0.38%,-51,,99
9/10/2019,623.01,624.03,624.03,619.79,156.66M,-0.61%,,,,11/8/2019,623.97,0.02%,-50,,98
9/9/2019,626.83,628.22,628.69,625.03,137.98M,-0.27%,,,,11/11/2019,622.74,-0.20%,-49,,97
9/6/2019,628.52,627.37,629.28,626.2,118.79M,0.47%,,,,11/12/2019,624.18,0.23%,-48,,96
9/5/2019,625.55,632.34,632.38,624.98,128.90M,-0.73%,,,,11/13/2019,629.53,0.86%,-47,,95
9/4/2019,630.18,626.52,630.31,624.84,112.98M,0.92%,,,,11/14/2019,628.7,-0.13%,-46,,94
9/3/2019,624.42,619.43,624.75,617.47,116.36M,0.51%,,,,11/15/2019,629.27,0.09%,-45,,93
8/30/2019,621.27,624.48,625.74,619.26,125.05M,-0.17%,,,,11/18/2019,632.65,0.54%,-44,,92
8/29/2019,622.31,625.51,626.33,619.07,116.62M,0.00%,,,,11/19/2019,631.08,-0.25%,-43,,91
8/28/2019,622.33,616.34,622.61,615.62,132.54M,0.94%,,,,11/20/2019,632.24,0.18%,-42,,90
8/27/2019,616.53,621.22,622.86,614.48,222.72M,-0.29%,,,,11/21/2019,628.86,-0.53%,-41,,89
8/26/2019,618.33,614.19,619.64,613.45,112.85M,1.13%,,,,11/22/2019,627.97,-0.14%,-40,,88
8/23/2019,611.45,620.57,622.85,608.38,125.43M,-1.64%,,,,11/25/2019,629.08,0.18%,-39,,87
8/22/2019,621.65,618.83,623.29,617.68,93.44M,0.43%,,,,11/26/2019,634.26,0.82%,-38,,86
8/21/2019,618.97,619.68,621.53,617.17,98.94M,0.34%,,,,11/27/2019,635,0.12%,-37,,85
8/20/2019,616.85,623.85,624.02,616.64,109.98M,-1.21%,,,,11/29/2019,634.09,-0.14%,-36,,84
8/19/2019,624.42,623.69,625.43,621.99,110.43M,0.94%,,,,12/2/2019,635.73,0.26%,-35,,83
8/16/2019,618.62,614,621.13,614,119.65M,1.12%,,,,12/3/2019,634.57,-0.18%,-34,,82
8/15/2019,611.74,607.87,613.86,606.3,133.96M,1.51%,,,,12/4/2019,638.77,0.66%,-33,,81
8/14/2019,602.63,607.76,611.66,602.3,150.59M,-1.59%,,,,12/5/2019,637.57,-0.19%,-32,,80
8/13/2019,612.34,604,614.58,603.78,124.99M,1.20%,,,,12/6/2019,639.92,0.37%,-31,,79
8/12/2019,605.05,607.96,609.57,603.01,84.73M,-0.66%,,,,12/9/2019,640.88,0.15%,-30,,78
8/9/2019,609.05,612.48,613.7,604.94,114.31M,-0.58%,,,,12/10/2019,638.63,-0.35%,-29,,77
8/8/2019,612.59,603.7,613.19,602.07,167.83M,1.21%,,,,12/11/2019,639.6,0.15%,-28,,76
8/7/2019,605.27,595.39,607.27,589.61,172.89M,1.16%,,,,12/12/2019,639.1,-0.08%,-27,,75
8/6/2019,598.32,593.91,601.04,592.9,155.78M,0.97%,,,,12/13/2019,641.18,0.33%,-26,,74
8/5/2019,592.59,606.45,607.12,589.58,182.74M,-2.69%,,,,12/16/2019,643.49,0.36%,-25,,73
8/2/2019,608.99,608.4,612.3,606.55,138.54M,0.12%,,,,12/17/2019,643.01,-0.07%,-24,,72
8/1/2019,608.27,613.19,619.92,608.27,171.89M,-0.48%,,,,12/18/2019,640.66,-0.37%,-23,,71
7/31/2019,611.23,622.52,622.52,605.11,170.65M,-1.99%,,,,12/19/2019,644.75,0.64%,-22,,70
7/30/2019,623.64,625.06,627.34,622.41,114.68M,0.18%,,,,12/20/2019,648.97,0.65%,-21,,69
7/29/2019,622.5,621.16,623.45,620.83,94.71M,0.25%,,,,12/23/2019,646.79,-0.34%,-20,,68
7/26/2019,620.94,614.66,621.22,613.74,96.42M,1.19%,,,,12/24/2019,646.51,-0.04%,-19,,67
7/25/2019,613.65,612.04,615.55,611.35,107.17M,-0.04%,,,,12/26/2019,647.39,0.14%,-18,,66
7/24/2019,613.89,617.03,617.52,612.86,118.80M,-0.64%,,,,12/27/2019,649.97,0.40%,-17,,65
7/23/2019,617.82,619.08,620.38,616.14,137.67M,0.63%,,,,12/30/2019,646.58,-0.52%,-16,,64
7/22/2019,613.96,617.81,618.42,613.08,101.29M,-0.53%,,,,12/31/2019,646.97,0.06%,-15,,63
7/19/2019,617.25,622.39,623.93,617.16,107.90M,-0.68%,,,,1/2/2020,641.67,-0.82%,-14,,62
7/18/2019,621.45,618.57,623,615.29,114.51M,0.82%,,,,1/3/2020,640.55,-0.17%,-13,,61
7/17/2019,616.39,617.32,618.27,615.03,98.71M,-0.13%,,,,1/6/2020,642.07,0.24%,-12,,60
7/16/2019,617.2,617.34,619.64,615.07,97.90M,0.01%,,,,1/7/2020,637.39,-0.73%,-11,,59
7/15/2019,617.13,616.44,618.1,615.33,88.98M,0.20%,,,,1/8/2020,640.26,0.45%,-10,,58
7/12/2019,615.88,614.53,617.1,613.94,93.31M,0.33%,,,,1/9/2020,644.96,0.73%,-9,,57
7/11/2019,613.83,613.26,614.15,610.66,104.28M,0.25%,,,,1/10/2020,644.13,-0.13%,-8,,56
7/10/2019,612.31,609.53,613.23,609.47,102.25M,0.74%,,,,1/13/2020,648.53,0.68%,-7,,55
7/9/2019,607.84,610.64,611.29,605.46,112.53M,-0.58%,,,,1/14/2020,648.68,0.02%,-6,,54
7/8/2019,611.41,610.56,612.49,609.58,100.10M,0.17%,,,,1/15/2020,652.87,0.65%,-5,,53
7/5/2019,610.37,610.81,610.96,605.12,92.31M,-0.49%,,,,1/16/2020,654.89,0.31%,-4,,52
7/3/2019,613.4,606.79,613.75,606.79,89.74M,1.36%,,,,1/17/2020,656.56,0.26%,-3,,51
7/2/2019,605.19,601.19,605.24,600.26,110.29M,0.85%,,,,1/21/2020,658.8,0.34%,-2,,50
7/1/2019,600.1,600.41,601.92,597,149.69M,0.46%,,,,1/22/2020,659.44,0.10%,-1,,49
6/28/2019,597.34,600.23,600.95,595.78,195.95M,0.07%,,,,1/23/2020,657.7,-0.26%,0,,48
6/27/2019,596.93,596.21,598.11,594.21,139.13M,0.09%,,,,1/24/2020,653.43,-0.65%,1,,47
6/26/2019,596.4,602.1,602.2,596.26,150.70M,-1.38%,,,,1/27/2020,651.35,-0.32%,2,,46
6/25/2019,604.77,604.99,606.22,603.24,140.16M,-0.05%,,,,1/28/2020,652.12,0.12%,3,,45
6/24/2019,605.09,604.78,607.81,604.27,124.45M,0.27%,,,,1/29/2020,648.73,-0.52%,4,,44
6/21/2019,603.48,605.13,606.66,602.94,247.92M,-0.32%,,,,1/30/2020,655.54,1.05%,5,,43
6/20/2019,605.44,602.11,606.43,601.24,140.09M,0.81%,,,,1/31/2020,648.25,-1.11%,6,,42
6/19/2019,600.58,598.06,601.7,595.07,123.22M,0.41%,,,,2/3/2020,648.19,-0.01%,7,,41
6/18/2019,598.13,604.76,605.26,597.55,117.58M,-0.57%,,,,2/4/2020,651.73,0.55%,8,,40
6/17/2019,601.58,602.85,603.78,598.67,112.42M,-0.21%,,,,2/5/2020,656.67,0.76%,9,,39
6/14/2019,602.85,603.07,604.59,602.09,,0.03%,,,,2/6/2020,658.84,0.33%,10,,38
6/13/2019,602.65,602.2,604.27,599.29,,0.11%,,,,2/7/2020,660.01,0.18%,11,,37
6/12/2019,602.01,602.24,605.76,601.29,,0.04%,,,,2/10/2020,662.48,0.37%,12,,36
6/11/2019,601.76,600.46,603.02,600.16,,0.41%,,,,2/11/2020,660.09,-0.36%,13,,35
6/10/2019,599.32,599.63,600.15,597.51,,0.00%,,,,2/12/2020,659.83,-0.04%,14,,34
6/7/2019,599.31,595.19,601.68,595.19,,1.02%,,,,2/13/2020,663.48,0.55%,15,,33
6/6/2019,593.26,588.67,594.74,587.73,,0.81%,,,,2/14/2020,665.35,0.28%,16,,32
6/5/2019,588.49,583.98,588.94,582.1,,1.12%,,,,2/18/2020,662.61,-0.41%,17,,31
6/4/2019,581.98,579.64,582.06,578.77,,0.78%,,,,2/19/2020,662.06,-0.08%,18,,30
6/3/2019,577.48,571.14,578.11,570.45,,1.32%,,,,2/20/2020,662.73,0.10%,19,,29
5/31/2019,569.93,574.79,574.79,568.98,,-1.41%,,,,2/21/2020,664.57,0.28%,20,,28
5/30/2019,578.06,577.18,580.08,575.92,,0.33%,,,,2/24/2020,648.06,-2.48%,21,,27
5/29/2019,576.17,577.29,578.54,573.48,,-0.71%,,,,2/25/2020,636.73,-1.75%,22,,26
5/28/2019,580.27,590.37,591.88,580.07,,-1.79%,,,,2/26/2020,633.63,-0.49%,23,,25
5/24/2019,590.84,594.3,594.79,588.85,,-0.40%,,,,2/27/2020,607.86,-4.07%,24,,24
5/23/2019,593.21,591.32,593.34,589.9,,-0.07%,,,,2/28/2020,595.21,-2.08%,25,,23
5/22/2019,593.6,590.14,594.62,589.52,,0.55%,,,,3/2/2020,627.84,5.48%,26,,22
5/21/2019,590.35,593.4,593.65,589.72,,-0.31%,,,,3/3/2020,619.62,-1.31%,27,,21
5/20/2019,592.18,592.14,595.27,591.48,,-0.22%,,,,3/4/2020,650.13,4.92%,28,,20
5/17/2019,593.5,592.5,596.34,591.8,,-0.19%,,,,3/5/2020,637.18,-1.99%,29,,19
5/16/2019,594.62,592.37,598.27,591.91,,0.75%,,,,3/6/2020,632.29,-0.77%,30,,18
5/15/2019,590.2,584.65,591.62,584.27,,0.80%,,,,,,,,,
5/14/2019,585.54,584.14,589.71,583.6,,0.37%,,,,,,,,,
5/13/2019,583.37,584.2,584.37,580.76,,-0.83%,,,,,,,,,
5/10/2019,588.24,580.67,589.37,577.34,,1.17%,,,,,,,,,
5/9/2019,581.44,580.42,582.98,576.79,,-0.21%,,,,,,,,,
5/8/2019,582.69,582.77,586.07,580.19,,-0.15%,,,,,,,,,
5/7/2019,583.58,586.81,587.45,580.13,,-1.00%,,,,,,,,,
5/6/2019,589.48,586.54,590.21,585.79,,-0.16%,,,,,,,,,
5/3/2019,590.44,589.05,591.59,587.79,,0.74%,,,,,,,,,
5/2/2019,586.12,585.85,588.56,583.09,,-0.10%,,,,,,,,,
5/1/2019,586.68,594.18,594.18,586.6,,-1.17%,,,,,,,,,
4/30/2019,593.64,587.56,594.15,586.29,,1.23%,,,,,,,,,
4/29/2019,586.44,585.65,587.01,584.79,,0.09%,,,,,,,,,
4/26/2019,585.93,580.89,585.94,580.87,,0.92%,,,,,,,,,
4/25/2019,580.6,580.66,581.5,578.41,,-0.75%,,,,,,,,,
4/24/2019,584.96,584.49,587.06,583.57,,0.09%,,,,,,,,,
4/23/2019,584.46,584.6,585.89,582.17,,-0.11%,,,,,,,,,
4/22/2019,585.13,584.91,588.48,583.9,,-0.04%,,,,,,,,,
4/18/2019,585.35,586.54,589.4,582.61,,-0.04%,,,,,,,,,
4/17/2019,585.56,585.39,586.62,583.05,,0.36%,,,,,,,,,
4/16/2019,583.44,584.11,585.84,581.54,,-0.06%,,,,,,,,,
4/15/2019,583.78,580.3,584.24,580.3,,0.69%,,,,,,,,,
4/12/2019,579.79,578.41,580.49,576.89,,0.28%,,,,,,,,,
4/11/2019,578.16,577.98,579.1,576.26,,0.11%,,,,,,,,,
4/10/2019,577.51,576.18,578,575.67,,0.32%,,,,,,,,,
4/9/2019,575.66,575.09,576.13,573.38,,-0.15%,,,,,,,,,
4/8/2019,576.53,574.33,576.6,573.39,,0.43%,,,,,,,,,
4/5/2019,574.07,572.38,574.52,571.38,,0.27%,,,,,,,,,
4/4/2019,572.51,571.18,573.35,570.25,,0.37%,,,,,,,,,
4/3/2019,570.42,573.35,573.78,568.64,,-0.63%,,,,,,,,,
4/2/2019,574.01,576.82,577.33,573.96,,-0.84%,,,,,,,,,
4/1/2019,578.9,580.9,581.08,577.54,,-0.21%,,,,,,,,,
3/29/2019,580.11,577.36,580.64,575.7,,0.69%,,,,,,,,,
3/28/2019,576.14,574.32,577.93,574.32,,0.42%,,,,,,,,,
3/27/2019,573.72,575.55,577.5,570.79,,-0.40%,,,,,,,,,
3/26/2019,576.02,572.72,577.9,572.72,,0.85%,,,,,,,,,
3/25/2019,571.15,569.29,572.67,567.72,,-0.01%,,,,,,,,,
3/22/2019,571.22,572.06,575.04,570.83,,-0.23%,,,,,,,,,
3/21/2019,572.56,565.23,573.4,565.05,,1.19%,,,,,,,,,
3/20/2019,565.82,567.78,569.07,564.1,,-0.38%,,,,,,,,,
3/19/2019,567.99,569.55,571.34,565.96,,-0.12%,,,,,,,,,
3/18/2019,568.68,567.48,569.7,567.28,,0.27%,,,,,,,,,
3/15/2019,567.16,565.24,569.13,564.99,,0.50%,,,,,,,,,
3/14/2019,564.34,565.12,565.78,563.3,,-0.28%,,,,,,,,,
3/13/2019,565.93,563.13,567.71,562.49,,0.70%,,,,,,,,,
3/12/2019,561.99,562.49,564.46,560.9,,-0.02%,,,,,,,,,
3/11/2019,562.12,555.57,562.55,555.57,,1.33%,,,,,,,,,
3/8/2019,554.75,554.76,557.01,551.88,,0.12%,,,,,,,,,
3/7/2019,554.07,556.18,557.27,552.62,,-0.56%,,,,,,,,,
3/6/2019,557.19,558.06,559.2,555.05,,-0.10%,,,,,,,,,
3/5/2019,557.73,557.99,559.69,556.71,,-0.04%,,,,,,,,,
3/4/2019,557.96,560.34,560.95,553.88,,-0.12%,,,,,,,,,
3/1/2019,558.61,561.29,561.86,554.89,,-0.17%,,,,,,,,,
,,,,,,,,,,,,,,,
,,,,,,,,,,,,,,,
,,,,,,,,,,,,,,,
,,,,,,,,,,,,,,,
,,,,,,,,,,,,,,,
,,,,,,,,,,,,,,,
,,,,,,,,,,,,,,,
,,,,,,,,,,,,,,,
,,,,,,,,,,,,,,,
,,,,,,,,,,,,,,,
,,,,,,,,,,,,,,,
,,,,,,,,,,,,,,,
,,,,,,,,,,,,,,,
,,,,,,,,,,,,,,,
,,,,,,,,,,,,,,,
,,,,,,,,,,,,,,,
,,,,,,,,,,,,,,,
,,,,,,,,,,,,,,,
,,,,,,,,,,,,,,,
,,,,,,,,,,,,,,,
,,,,,,,,,,,,,,,
,,,,,,,,,,,,,,,
,,,,,,,,,,,,,,,
,,,,,,,,,,,,,,,
,,,,,,,,,,,,,,,
,,,,,,,,,,,,,,,
,,,,,,,,,,,,,,,
,,,,,,,,,,,,,,,
,,,,,,,,,,,,,,,
,,,,,,,,,,,,,,,
,,,,,,,,,,,,,,,
,,,,,,,,,,,,,,,
,,,,,,,,,,,,,,,
,,,,,,,,,,,,,,,
,,,,,,,,,,,,,,,
,,,,,,,,,,,,,,,
,,,,,,,,,,,,,,,
,,,,,,,,,,,,,,,
,,,,,,,,,,,,,,,
,,,,,,,,,,,,,,,
,,,,,,,,,,,,,,,
,,,,,,,,,,,,,,,
,,,,,,,,,,,,,,,
,,,,,,,,,,,,,,,
,,,,,,,,,,,,,,,
,,,,,,,,,,,,,,,
,,,,,,,,,,,,,,,
,,,,,,,,,,,,,,,
,,,,,,,,,,,,,,,
,,,,,,,,,,,,,,,
,,,,,,,,,,,,,,,
,,,,,,,,,,,,,,,
,,,,,,,,,,,,,,,
,,,,,,,,,,,,,,,
,,,,,,,,,,,,,,,
,,,,,,,,,,,,,,,
,,,,,,,,,,,,,,,
,,,,,,,,,,,,,,,
,,,,,,,,,,,,,,,
,,,,,,,,,,,,,,,
,,,,,,,,,,,,,,,
,,,,,,,,,,,,,,,
,,,,,,,,,,,,,,,
,,,,,,,,,,,,,,,
,,,,,,,,,,,,,,,
,,,,,,,,,,,,,,,
,,,,,,,,,,,,,,,
,,,,,,,,,,,,,,,
,,,,,,,,,,,,,,,
,,,,,,,,,,,,,,,
,,,,,,,,,,,,,,,
,,,,,,,,,,,,,,,
,,,,,,,,,,,,,,,
,,,,,,,,,,,,,,,
,,,,,,,,,,,,,,,
,,,,,,,,,,,,,,,
,,,,,,,,,,,,,,,
,,,,,,,,,,,,,,,
,,,,,,,,,,,,,,,
,,,,,,,,,,,,,,,
,,,,,,,,,,,,,,,
,,,,,,,,,,,,,,,
,,,,,,,,,,,,,,,
,,,,,,,,,,,,,,,
,,,,,,,,,,,,,,,
,,,,,,,,,,,,,,,
,,,,,,,,,,,,,,,
,,,,,,,,,,,,,,,
,,,,,,,,,,,,,,,
,,,,,,,,,,,,,,,
,,,,,,,,,,,,,,,
,,,,,,,,,,,,,,,
,,,,,,,,,,,,,,,
,,,,,,,,,,,,,,,
,,,,,,,,,,,,,,,
,,,,,,,,,,,,,,,
,,,,,,,,,,,,,,,
,,,,,,,,,,,,,,,
,,,,,,,,,,,,,,,
,,,,,,,,,,,,,,,
,,,,,,,,,,,,,,,
,,,,,,,,,,,,,,,
,,,,,,,,,,,,,,,
,,,,,,,,,,,,,,,
,,,,,,,,,,,,,,,
,,,,,,,,,,,,,,,
,,,,,,,,,,,,,,,
,,,,,,,,,,,,,,,
,,,,,,,,,,,,,,,
,,,,,,,,,,,,,,,
,,,,,,,,,,,,,,,
,,,,,,,,,,,,,,,
,,,,,,,,,,,,,,,
,,,,,,,,,,,,,,,
,,,,,,,,,,,,,,,
,,,,,,,,,,,,,,,
,,,,,,,,,,,,,,,
,,,,,,,,,,,,,,,
,,,,,,,,,,,,,,,
,,,,,,,,,,,,,,,
,,,,,,,,,,,,,,,
,,,,,,,,,,,,,,,
,,,,,,,,,,,,,,,
,,,,,,,,,,,,,,,
,,,,,,,,,,,,,,,
,,,,,,,,,,,,,,,
,,,,,,,,,,,,,,,
,,,,,,,,,,,,,,,
,,,,,,,,,,,,,,,
,,,,,,,,,,,,,,,
,,,,,,,,,,,,,,,
,,,,,,,,,,,,,,,
,,,,,,,,,,,,,,,
,,,,,,,,,,,,,,,
,,,,,,,,,,,,,,,
,,,,,,,,,,,,,,,
,,,,,,,,,,,,,,,
,,,,,,,,,,,,,,,
